CovPerReadRegion	CovPerReadRegion	CovPerReadRegion	CovPerReadRegion
21	19	24	20
22	21	25	23
25	22	30	24
27	23	31	30
29	30	32	31
30	31	33	32
31	32	34	33
32	33	35	34
33	34	36	35
34	35	37	36
35	36	38	37
36	37	39	38
37	38	40	39
38	39	41	40
39	40	42	41
40	41	43	42
41	42	44	43
42	43	45	44
43	44	46	45
44	45	47	46
45	46	48	47
46	47	49	48
47	48	50	49
48	49	51	50
49	50	52	51
50	51	53	52
51	52	54	53
52	53	55	54
53	54	56	55
54	55	57	56
55	56	58	57
56	57	59	58
57	58	60	59
58	59	61	60
59	60	62	61
60	61	63	62
61	62	64	63
62	63	65	64
63	64	66	65
64	65	67	66
65	66	68	67
66	67	69	68
67	68	70	69
68	69	71	70
69	70	72	71
70	71	73	72
71	72	74	73
72	73	75	74
73	74	76	75
74	75	77	76
75	76	78	77
76	77	79	78
77	78	80	79
78	79	81	80
79	80	82	81
80	81	83	82
81	82	84	83
82	83	85	84
83	84	86	85
84	85	87	86
85	86	88	87
86	87	89	88
87	88	90	89
88	89	91	90
89	90	92	91
90	91	93	92
91	92	94	93
92	93	95	94
93	94	96	95
94	95	97	96
95	96	98	97
96	97	99	98
97	98	100	99
98	99	101	100
99	100	102	101
100	101	103	102
101	102	104	103
102	103	105	104
103	104	106	105
104	105	107	106
105	106	108	107
106	107	109	108
107	108	110	109
108	109	111	110
109	110	112	111
110	111	113	112
111	112	114	113
112	113	115	114
113	114	116	115
114	115	117	116
115	116	118	117
116	117	119	118
117	118	120	119
118	119	121	120
119	120	122	121
120	121	123	122
121	122	124	123
122	123	125	124
123	124	126	125
124	125	127	126
125	126	128	127
126	127	129	128
127	128	130	129
128	129	131	130
129	130	132	131
130	131	133	132
131	132	134	133
132	133	135	134
133	134	136	135
134	135	138	136
135	136	139	137
136	137	140	138
137	138	141	139
138	139	142	140
139	140	143	141
140	141	144	142
141	142	145	143
142	143	146	144
143	144	147	145
144	145	148	146
145	146	149	147
146	147	150	148
147	148	151	149
148	149	152	150
149	150	153	151
150	151	154	152
151	152	155	154
152	153	156	155
153	154	157	156
154	155	158	157
155	156	159	158
156	157	160	159
157	158	161	160
158	159	162	161
159	160	163	162
160	161	164	163
161	162	165	164
162	163	166	165
163	164	167	166
164	165	168	167
165	166	169	168
166	167	170	169
167	168	171	170
168	169	172	171
169	170	173	172
170	171	174	173
171	172	175	174
172	173	176	175
173	174	177	176
174	175	178	177
175	176	179	178
176	177	180	179
177	178	181	180
178	179	182	181
179	180	183	182
180	181	184	183
181	182	185	184
182	183	186	185
183	184	187	186
184	185	188	187
185	186	189	188
186	187	190	189
187	188	191	190
188	189	192	191
189	190	193	192
190	191	194	193
191	192	195	194
192	193	196	195
193	194	197	196
194	195	198	197
195	196	199	198
196	197	200	199
197	198	201	200
198	199	202	201
199	200	203	202
200	201	204	203
201	202	205	204
202	203	206	205
203	204	207	206
204	205	208	207
205	206	209	208
206	207	210	209
207	208	211	210
208	209	212	211
209	210	213	212
210	211	214	213
211	212	215	214
212	213	216	215
213	214	217	216
214	215	218	217
215	216	219	218
216	217	220	219
217	218	221	220
218	219	222	221
219	220	223	222
220	221	224	223
221	222	225	224
222	223	226	225
223	224	227	226
224	225	228	227
225	226	229	228
226	227	230	229
227	228	231	230
228	229	232	231
229	230	233	232
230	231	234	233
231	232	235	234
232	233	236	235
233	234	237	236
234	235	238	237
235	236	239	238
236	237	240	239
237	238	241	240
238	239	242	241
239	240	243	242
240	241	244	243
241	242	245	244
242	243	246	245
243	244	247	246
244	245	248	247
245	246	249	248
246	247	250	249
247	248	251	250
248	249	252	251
249	250	253	252
250	251	254	253
251	252	255	254
252	253	256	255
253	254	257	256
254	255	258	257
255	256	259	258
256	257	260	259
257	258	261	260
258	259	262	261
259	260	263	262
260	261	264	263
261	262	265	264
262	263	266	265
263	264	267	266
264	265	268	267
265	266	269	268
266	267	270	269
267	268	271	270
268	269	272	271
269	270	273	272
270	271	274	273
271	272	275	274
272	273	276	275
273	274	277	276
274	275	278	277
275	276	279	278
276	277	280	279
277	278	281	280
278	279	282	281
279	280	283	282
280	281	284	283
281	282	285	284
282	283	286	285
283	284	287	286
284	285	288	287
285	286	289	288
286	287	290	289
287	288	291	290
288	289	292	291
289	290	293	292
290	291	294	293
291	292	295	294
292	293	296	295
293	294	297	296
294	295	298	297
295	296	299	298
296	297	300	299
297	298	301	300
298	299	302	301
299	300	303	302
300	301	304	303
301	302	305	304
302	303	306	305
303	304	307	306
304	305	308	307
305	306	309	308
306	307	310	309
307	308	311	310
308	309	312	311
309	310	313	312
310	311	314	313
311	312	315	314
312	313	316	315
313	314	317	316
314	315	318	317
315	316	319	318
316	317	320	319
317	318	321	320
318	319	322	321
319	320	323	322
320	321	324	323
321	322	325	324
322	323	326	325
323	324	327	326
324	325	328	327
325	326	329	328
326	327	330	329
327	328	331	330
328	329	332	331
329	330	333	332
330	331	334	333
331	332	335	334
332	333	336	335
333	334	337	336
334	335	338	337
335	336	339	338
336	337	340	339
337	338	341	340
338	339	342	341
339	340	343	342
340	341	344	343
341	342	345	344
342	343	346	345
343	344	347	346
344	345	348	347
345	346	349	348
346	347	350	349
347	348	351	350
348	349	352	351
349	350	353	352
350	351	354	353
351	352	355	354
352	353	356	355
353	354	357	356
354	355	358	357
355	356	359	358
356	357	360	359
357	358	361	360
358	359	362	361
359	360	363	362
360	361	364	363
361	362	365	364
362	363	366	365
363	364	367	366
364	365	368	367
365	366	369	368
366	367	370	369
367	368	371	370
368	369	372	371
369	370	373	372
370	371	374	373
371	372	375	374
372	373	376	375
373	374	377	376
374	375	378	377
375	376	379	378
376	377	380	379
377	378	381	380
378	379	382	381
379	380	383	382
380	381	384	383
381	382	385	384
382	383	386	385
383	384	387	386
384	385	388	387
385	386	389	388
386	387	390	389
387	388	391	390
388	389	392	391
389	390	393	392
390	391	394	393
391	392	395	394
392	393	396	395
393	394	397	396
394	395	398	397
395	396	399	398
396	397	400	399
397	398	401	400
398	399	402	401
399	400	403	402
400	401	404	403
401	402	405	404
402	403	406	405
403	404	407	406
404	405	408	407
405	406	409	408
406	407	410	409
407	408	411	410
408	409	412	411
409	410	413	412
410	411	414	413
411	412	415	414
412	413	416	415
413	414	417	416
414	415	418	417
415	416	419	418
416	417	420	419
417	418	421	420
418	419	422	421
419	420	423	422
420	421	424	423
421	422	425	424
422	423	426	425
423	424	427	426
424	425	428	427
425	426	429	428
426	427	430	429
427	428	431	430
428	429	432	431
429	430	433	432
430	431	434	433
431	432	435	434
432	433	436	435
433	434	437	436
434	435	438	437
435	436	439	438
436	437	440	439
437	438	441	440
438	439	442	441
439	440	443	442
440	441	444	443
441	442	445	444
442	443	446	445
443	444	447	446
444	445	448	447
445	446	449	448
446	447	450	449
447	448	451	450
448	449	452	451
449	450	453	452
450	451	454	453
451	452	455	454
452	453	456	455
453	454	457	456
454	455	458	457
456	456	459	458
457	457	460	459
458	458	461	460
459	459	462	461
460	460	463	462
461	461	464	463
462	462	465	464
463	463	466	465
464	464	467	466
465	465	468	467
466	466	469	468
467	467	470	469
468	468	471	470
469	469	472	471
470	470	473	472
471	471	474	473
472	472	475	474
473	473	476	475
474	474	477	476
476	475	478	477
477	476	479	478
478	477	480	479
479	478	481	480
480	479	482	481
481	480	483	482
482	481	484	483
483	482	485	484
484	483	486	485
485	484	487	486
486	485	488	487
487	486	489	488
489	487	490	489
490	488	491	490
491	489	492	491
492	490	493	492
493	491	494	493
494	492	495	494
495	493	496	495
496	494	497	496
497	495	498	497
498	496	499	498
499	497	500	499
500	498	501	500
502	499	502	501
503	500	503	502
504	501	504	503
506	502	505	504
507	503	506	505
508	504	507	506
509	505	508	507
510	506	509	508
511	507	510	509
512	508	511	510
513	509	512	511
514	510	513	512
515	511	514	513
516	512	515	514
517	513	516	515
518	514	517	516
521	515	518	517
522	516	519	518
523	517	520	519
524	518	521	520
525	519	522	521
527	520	523	522
528	521	524	523
529	522	525	524
530	523	526	525
531	524	527	526
533	525	528	527
535	526	529	528
537	527	530	529
538	528	531	530
539	529	532	531
540	530	533	532
542	531	534	533
544	532	535	534
545	533	536	535
546	534	537	536
548	535	538	537
551	536	539	538
552	537	540	539
554	538	541	540
556	539	542	541
560	540	543	542
563	541	544	543
564	542	545	544
566	543	546	545
569	544	547	546
570	545	548	547
572	546	549	548
576	547	550	549
577	548	551	550
578	549	552	551
579	550	553	552
580	551	554	553
584	552	555	554
586	553	556	555
590	554	557	556
593	555	558	557
595	556	559	558
600	557	560	559
601	558	561	560
605	559	562	561
606	560	563	562
608	561	564	563
609	562	565	564
610	563	566	565
614	564	567	566
621	565	568	567
624	566	569	568
626	567	570	569
630	568	571	570
638	569	572	571
640	570	573	572
654	571	574	573
656	572	575	574
659	573	576	575
667	574	577	576
671	575	578	577
683	576	579	578
707	577	580	579
739	578	581	580
	579	582	581
	580	583	582
	581	584	583
	582	585	584
	583	586	585
	584	587	586
	585	588	587
	586	589	588
	587	590	589
	588	591	590
	589	592	591
	590	593	592
	591	594	593
	592	595	594
	593	596	595
	594	597	596
	595	598	597
	596	599	598
	597	600	599
	598	601	600
	599	602	601
	600	603	602
	601	604	603
	602	605	604
	603	606	605
	604	607	606
	605	608	607
	606	609	608
	607	610	609
	608	611	610
	609	612	611
	610	613	612
	611	614	613
	612	615	614
	613	616	615
	614	617	616
	615	618	617
	616	619	618
	617	620	619
	618	621	620
	619	622	621
	620	623	622
	621	624	623
	622	625	624
	623	626	625
	624	627	626
	625	628	627
	626	629	628
	627	630	629
	628	631	630
	629	632	631
	630	633	632
	631	634	633
	632	635	634
	633	636	635
	634	637	636
	635	638	637
	636	639	638
	637	640	639
	638	641	640
	639	642	641
	640	643	642
	641	644	643
	642	645	644
	643	646	645
	644	647	646
	645	648	647
	646	649	648
	647	650	649
	648	651	650
	649	652	651
	650	653	652
	651	654	653
	652	655	654
	653	656	655
	654	657	656
	655	658	657
	656	659	658
	657	660	659
	658	661	660
	659	662	661
	660	663	662
	661	664	663
	662	665	664
	663	666	665
	664	667	666
	665	668	667
	666	669	668
	667	670	669
	668	671	670
	669	672	671
	670	673	672
	671	674	673
	672	675	674
	673	676	675
	674	677	676
	675	678	677
	676	679	678
	677	680	679
	678	681	680
	679	682	681
	680	683	682
	681	684	683
	682	685	684
	683	686	685
	684	687	686
	685	688	687
	686	689	688
	687	690	689
	688	691	690
	689	692	691
	690	693	692
	691	694	693
	692	695	694
	693	696	695
	694	697	696
	695	698	697
	696	699	698
	697	700	699
	698	701	700
	699	702	701
	700	703	702
	701	704	703
	702	705	704
	703	706	705
	704	707	706
	705	708	707
	706	709	708
	707	710	709
	708	711	710
	709	712	711
	710	713	712
	711	714	713
	712	715	714
	713	716	715
	714	717	716
	715	718	717
	716	719	718
	717	720	719
	718	721	720
	719	722	721
	720	723	722
	721	724	723
	722	725	724
	723	726	725
	724	727	726
	725	728	727
	726	729	728
	727	730	729
	728	731	730
	729	732	731
	730	733	732
	731	734	733
	732	735	734
	733	736	735
	734	737	736
	735	738	737
	736	739	738
	737	740	739
	738	741	740
	739	742	741
	740	743	742
	741	744	743
	742	745	744
	743	746	745
	744	747	746
	745	748	747
	746	749	748
	747	750	749
	748	751	750
	749	752	751
	750	753	752
	751	754	753
	752	755	754
	753	756	755
	754	757	756
	755	758	757
	756	759	758
	757	760	759
	758	761	760
	759	762	761
	760	763	762
	761	764	763
	762	765	764
	763	766	765
	764	767	766
	765	768	767
	766	769	768
	767	770	769
	768	771	770
	769	772	771
	770	773	772
	771	774	773
	772	775	774
	773	776	775
	774	777	776
	775	778	777
	776	779	778
	777	780	779
	778	781	780
	779	782	781
	780	783	782
	781	784	783
	782	785	784
	783	786	785
	784	787	786
	785	788	787
	786	789	788
	787	790	789
	788	791	790
	789	792	791
	790	793	792
	791	794	793
	792	795	794
	793	796	795
	794	797	796
	795	798	797
	796	799	798
	797	800	799
	798	801	800
	799	802	801
	800	803	802
	801	804	803
	802	805	804
	803	806	805
	804	807	806
	805	808	807
	806	809	808
	807	810	809
	808	811	810
	809	812	811
	810	813	812
	811	814	813
	812	815	814
	813	816	815
	814	817	816
	815	818	817
	816	819	818
	817	820	819
	818	821	820
	819	822	821
	820	823	822
	821	824	823
	822	825	824
	823	826	825
	824	827	826
	825	828	827
	826	829	828
	827	830	829
	828	831	830
	829	832	831
	830	833	832
	831	834	833
	832	835	834
	833	836	835
	834	837	836
	835	838	837
	836	839	838
	837	840	839
	838	841	840
	839	842	841
	840	843	842
	841	844	843
	842	845	844
	843	846	845
	844	847	846
	845	848	847
	846	849	848
	847	850	849
	848	851	850
	849	852	851
	850	853	852
	851	854	853
	852	855	854
	853	856	855
	854	857	856
	855	858	857
	856	859	858
	857	860	859
	858	861	860
	859	862	861
	860	863	862
	861	864	863
	862	865	864
	863	866	865
	864	867	866
	865	868	867
	866	869	868
	867	870	869
	868	871	870
	869	872	871
	870	873	872
	871	874	873
	872	875	874
	873	876	875
	874	877	876
	875	878	877
	876	879	878
	877	880	879
	878	881	880
	879	882	881
	880	883	882
	881	884	883
	882	885	884
	883	886	885
	884	887	886
	885	888	887
	886	889	888
	887	890	889
	888	891	890
	889	892	891
	890	893	892
	891	894	893
	892	895	894
	893	896	895
	894	897	896
	895	898	897
	896	899	898
	897	900	899
	898	901	900
	899	902	901
	900	903	902
	901	904	903
	902	905	904
	903	906	905
	904	907	906
	905	908	907
	906	909	908
	907	910	909
	908	911	910
	909	912	911
	910	913	912
	911	914	913
	912	915	914
	913	916	915
	914	917	916
	915	918	917
	916	919	918
	917	920	919
	918	921	920
	919	922	921
	920	923	922
	921	924	923
	922	925	924
	923	926	925
	924	927	926
	925	928	927
	926	929	928
	927	930	929
	928	931	930
	929	932	931
	930	933	932
	931	934	933
	932	935	934
	933	936	935
	934	937	936
	935	938	937
	936	939	938
	937	940	939
	938	941	940
	939	942	941
	940	943	942
	941	944	943
	942	945	944
	943	946	945
	944	947	946
	945	948	947
	946	949	948
	947	950	949
	948	951	950
	949	952	951
	950	953	952
	951	954	953
	952	955	954
	953	956	955
	954	957	956
	955	958	957
	956	959	958
	957	960	959
	958	961	960
	959	962	961
	960	963	962
	961	964	963
	962	965	964
	963	966	965
	964	967	966
	965	968	967
	966	969	968
	967	970	969
	968	971	970
	969	972	971
	970	973	972
	971	974	973
	972	975	974
	973	976	975
	974	977	976
	975	978	977
	976	979	978
	977	980	979
	978	981	980
	979	982	981
	980	983	982
	981	984	983
	982	985	984
	983	986	985
	984	987	986
	985	988	987
	986	989	988
	987	990	989
	988	991	990
	989	992	991
	990	993	992
	991	994	993
	992	995	994
	993	996	995
	994	997	996
	995	998	997
	996	999	998
	997	1000	999
	998	1001	1000
	999	1002	1001
	1000	1003	1002
	1001	1004	1003
	1002	1005	1004
	1003	1006	1005
	1004	1007	1006
	1005	1008	1007
	1006	1009	1008
	1007	1010	1009
	1008	1011	1010
	1009	1012	1011
	1010	1013	1012
	1011	1014	1013
	1012	1015	1014
	1013	1016	1015
	1014	1017	1016
	1015	1018	1017
	1016	1019	1018
	1017	1020	1019
	1018	1021	1020
	1019	1022	1021
	1020	1023	1022
	1021	1024	1023
	1022	1025	1024
	1023	1026	1025
	1024	1027	1026
	1025	1028	1027
	1026	1029	1028
	1027	1030	1029
	1028	1031	1030
	1029	1032	1031
	1030	1033	1032
	1031	1034	1033
	1032	1035	1034
	1033	1036	1035
	1034	1037	1036
	1035	1038	1037
	1036	1039	1038
	1037	1040	1039
	1038	1041	1040
	1039	1042	1041
	1040	1043	1042
	1041	1044	1043
	1042	1045	1044
	1043	1046	1045
	1044	1047	1046
	1045	1048	1047
	1046	1049	1048
	1047	1050	1049
	1048	1051	1050
	1049	1052	1051
	1050	1053	1052
	1051	1054	1053
	1052	1055	1054
	1053	1056	1055
	1054	1057	1056
	1055	1058	1057
	1056	1059	1058
	1057	1060	1059
	1058	1061	1060
	1059	1062	1061
	1060	1063	1062
	1061	1064	1063
	1062	1065	1064
	1063	1066	1065
	1064	1067	1066
	1065	1068	1067
	1066	1069	1068
	1067	1070	1069
	1068	1071	1070
	1069	1072	1071
	1070	1073	1072
	1071	1074	1073
	1072	1075	1074
	1073	1076	1075
	1074	1077	1076
	1075	1078	1077
	1076	1079	1078
	1077	1080	1079
	1078	1081	1080
	1079	1082	1081
	1080	1083	1082
	1081	1084	1083
	1082	1085	1084
	1083	1086	1085
	1084	1087	1086
	1085	1088	1087
	1086	1089	1088
	1087	1090	1089
	1088	1091	1090
	1089	1092	1091
	1090	1093	1092
	1091	1094	1093
	1092	1095	1094
	1093	1096	1095
	1094	1097	1096
	1095	1098	1097
	1096	1099	1098
	1097	1100	1099
	1098	1101	1100
	1099	1102	1101
	1100	1103	1102
	1101	1104	1103
	1102	1105	1104
	1103	1106	1105
	1104	1107	1106
	1105	1108	1107
	1106	1109	1108
	1107	1110	1109
	1108	1111	1110
	1109	1112	1111
	1110	1113	1112
	1111	1114	1113
	1112	1115	1114
	1113	1116	1115
	1114	1117	1116
	1115	1118	1117
	1116	1119	1118
	1117	1120	1119
	1118	1121	1120
	1119	1122	1121
	1120	1123	1122
	1121	1124	1123
	1122	1125	1124
	1123	1126	1125
	1124	1127	1126
	1125	1128	1127
	1126	1129	1128
	1127	1130	1129
	1128	1131	1130
	1129	1132	1131
	1130	1133	1132
	1131	1134	1133
	1132	1135	1134
	1133	1136	1135
	1134	1137	1136
	1135	1138	1137
	1136	1139	1138
	1137	1140	1139
	1138	1141	1140
	1139	1142	1141
	1140	1143	1142
	1141	1144	1143
	1142	1145	1144
	1143	1146	1145
	1144	1147	1146
	1145	1148	1147
	1146	1149	1148
	1147	1150	1149
	1148	1151	1150
	1149	1152	1151
	1150	1153	1152
	1151	1154	1153
	1152	1155	1154
	1153	1156	1155
	1154	1157	1156
	1155	1158	1157
	1156	1159	1158
	1157	1160	1159
	1158	1161	1160
	1159	1162	1161
	1160	1163	1162
	1161	1164	1163
	1162	1165	1164
	1163	1166	1165
	1164	1167	1166
	1165	1168	1167
	1166	1169	1168
	1167	1170	1169
	1168	1171	1170
	1169	1172	1171
	1170	1173	1172
	1171	1174	1173
	1172	1175	1174
	1173	1176	1175
	1174	1177	1176
	1175	1178	1177
	1176	1179	1178
	1177	1180	1179
	1178	1181	1180
	1179	1182	1181
	1180	1183	1182
	1181	1184	1183
	1182	1185	1184
	1183	1186	1185
	1184	1187	1186
	1185	1188	1187
	1186	1189	1188
	1187	1190	1189
	1188	1191	1190
	1189	1192	1191
	1190	1193	1192
	1191	1194	1193
	1192	1195	1194
	1193	1196	1195
	1194	1197	1196
	1195	1198	1197
	1196	1199	1198
	1197	1200	1199
	1198	1201	1200
	1199	1202	1201
	1200	1203	1202
	1201	1204	1203
	1202	1205	1204
	1203	1206	1205
	1204	1207	1206
	1205	1208	1207
	1206	1209	1208
	1207	1210	1209
	1208	1211	1210
	1209	1212	1211
	1210	1213	1212
	1211	1214	1213
	1212	1215	1214
	1213	1216	1215
	1214	1217	1216
	1215	1218	1217
	1216	1219	1218
	1217	1220	1219
	1218	1221	1220
	1219	1222	1221
	1220	1223	1222
	1221	1224	1223
	1222	1225	1224
	1223	1226	1225
	1224	1227	1226
	1225	1228	1227
	1226	1229	1228
	1227	1230	1229
	1228	1231	1230
	1229	1232	1231
	1230	1233	1232
	1231	1234	1233
	1232	1235	1234
	1233	1236	1235
	1234	1237	1236
	1235	1238	1237
	1236	1239	1238
	1237	1240	1239
	1238	1241	1240
	1239	1242	1241
	1240	1243	1242
	1241	1244	1243
	1242	1245	1244
	1243	1246	1245
	1244	1247	1246
	1245	1248	1247
	1246	1249	1248
	1247	1250	1249
	1248	1251	1250
	1249	1252	1251
	1250	1253	1252
	1251	1254	1253
	1252	1255	1254
	1253	1256	1255
	1254	1257	1256
	1255	1258	1257
	1256	1259	1258
	1257	1260	1259
	1258	1261	1260
	1259	1262	1261
	1260	1263	1262
	1261	1264	1263
	1262	1265	1264
	1263	1266	1265
	1264	1267	1266
	1265	1268	1267
	1266	1269	1268
	1267	1270	1269
	1268	1271	1270
	1269	1272	1271
	1270	1273	1272
	1271	1274	1273
	1272	1275	1274
	1273	1276	1275
	1274	1277	1276
	1275	1278	1277
	1276	1279	1278
	1277	1280	1279
	1278	1281	1280
	1279	1282	1281
	1280	1283	1282
	1281	1284	1283
	1282	1285	1284
	1283	1286	1285
	1284	1287	1286
	1285	1288	1287
	1286	1289	1288
	1287	1290	1289
	1288	1291	1290
	1289	1292	1291
	1290	1293	1292
	1291	1294	1293
	1292	1295	1294
	1293	1296	1295
	1294	1297	1296
	1295	1298	1297
	1296	1299	1298
	1297	1300	1299
	1298	1301	1300
	1299	1302	1301
	1300	1303	1302
	1301	1304	1303
	1302	1305	1304
	1303	1306	1305
	1304	1307	1306
	1305	1308	1307
	1306	1309	1308
	1307	1310	1309
	1308	1311	1310
	1309	1312	1311
	1310	1313	1312
	1311	1314	1313
	1312	1315	1314
	1313	1316	1315
	1314	1317	1316
	1315	1318	1317
	1316	1319	1318
	1317	1320	1319
	1318	1321	1320
	1319	1322	1321
	1320	1323	1322
	1321	1324	1323
	1322	1325	1324
	1323	1326	1325
	1324	1327	1326
	1325	1328	1327
	1326	1329	1328
	1327	1330	1329
	1328	1331	1330
	1329	1332	1331
	1330	1333	1332
	1331	1334	1333
	1332	1335	1334
	1333	1336	1335
	1334	1337	1336
	1335	1338	1337
	1336	1339	1338
	1337	1340	1339
	1338	1341	1340
	1339	1342	1341
	1340	1343	1342
	1341	1344	1343
	1342	1345	1344
	1343	1346	1345
	1344	1347	1346
	1345	1348	1347
	1346	1349	1348
	1347	1350	1349
	1348	1351	1350
	1349	1352	1351
	1350	1353	1352
	1351	1354	1353
	1352	1355	1354
	1353	1356	1355
	1354	1357	1356
	1355	1358	1357
	1356	1359	1358
	1357	1360	1359
	1358	1361	1360
	1359	1362	1361
	1360	1363	1362
	1361	1364	1363
	1362	1365	1364
	1363	1366	1365
	1364	1367	1366
	1365	1368	1367
	1366	1369	1368
	1367	1370	1369
	1369	1371	1370
	1370	1372	1371
	1371	1373	1372
	1372	1374	1373
	1373	1375	1374
	1374	1376	1375
	1375	1377	1376
	1376	1378	1377
	1377	1379	1378
	1378	1380	1379
	1379	1381	1380
	1380	1382	1381
	1381	1383	1382
	1382	1384	1383
	1383	1385	1384
	1384	1386	1385
	1385	1387	1386
	1386	1388	1387
	1387	1389	1388
	1388	1390	1389
	1389	1391	1390
	1390	1392	1391
	1391	1393	1392
	1392	1394	1393
	1393	1395	1394
	1394	1396	1395
	1395	1397	1396
	1396	1398	1397
	1397	1399	1398
	1398	1400	1399
	1399	1401	1400
	1401	1402	1401
	1402	1403	1402
	1403	1404	1403
	1404	1405	1404
	1405	1406	1405
	1406	1407	1406
	1408	1408	1407
	1409	1409	1408
	1410	1410	1409
	1411	1411	1410
	1412	1412	1411
	1413	1413	1412
	1414	1414	1413
	1415	1415	1414
	1416	1416	1415
	1417	1417	1416
	1418	1418	1417
	1419	1419	1418
	1420	1420	1419
	1421	1421	1420
	1422	1422	1421
	1423	1423	1422
	1424	1424	1423
	1425	1425	1424
	1426	1426	1425
	1428	1427	1426
	1429	1428	1427
	1430	1429	1428
	1431	1430	1429
	1432	1431	1430
	1433	1432	1431
	1434	1433	1432
	1435	1434	1433
	1436	1435	1434
	1437	1436	1435
	1438	1437	1436
	1440	1438	1437
	1441	1439	1438
	1442	1440	1439
	1443	1441	1440
	1444	1442	1441
	1445	1443	1442
	1446	1444	1443
	1447	1445	1444
	1448	1446	1445
	1449	1447	1446
	1451	1448	1447
	1452	1449	1448
	1454	1450	1449
	1455	1451	1450
	1456	1452	1451
	1457	1453	1452
	1458	1454	1453
	1459	1455	1454
	1460	1456	1455
	1461	1457	1456
	1462	1458	1457
	1463	1459	1458
	1464	1460	1459
	1465	1461	1460
	1466	1462	1461
	1467	1463	1462
	1468	1464	1463
	1469	1465	1464
	1470	1466	1465
	1471	1467	1466
	1472	1468	1467
	1473	1469	1468
	1474	1470	1469
	1476	1471	1470
	1477	1472	1471
	1478	1473	1472
	1479	1474	1473
	1480	1475	1474
	1481	1476	1475
	1482	1477	1476
	1483	1478	1477
	1484	1479	1478
	1485	1480	1479
	1486	1481	1480
	1487	1482	1481
	1488	1483	1482
	1489	1484	1483
	1490	1485	1484
	1491	1486	1485
	1493	1487	1486
	1494	1488	1487
	1495	1489	1488
	1497	1490	1489
	1500	1491	1490
	1501	1492	1491
	1503	1493	1492
	1504	1494	1493
	1508	1495	1494
	1509	1496	1495
	1510	1497	1496
	1513	1498	1497
	1514	1499	1498
	1515	1500	1499
	1516	1501	1500
	1517	1502	1501
	1518	1503	1502
	1519	1504	1503
	1521	1505	1504
	1522	1506	1505
	1523	1507	1506
	1525	1508	1507
	1528	1509	1508
	1530	1510	1509
	1532	1511	1510
	1534	1512	1511
	1535	1513	1512
	1536	1514	1513
	1537	1515	1514
	1538	1516	1515
	1539	1517	1516
	1545	1518	1517
	1546	1519	1518
	1549	1520	1519
	1550	1521	1520
	1551	1522	1521
	1552	1523	1522
	1553	1524	1523
	1556	1525	1524
	1558	1526	1525
	1559	1527	1526
	1560	1528	1527
	1561	1529	1528
	1562	1530	1529
	1564	1531	1530
	1565	1532	1531
	1567	1533	1532
	1568	1534	1533
	1569	1535	1534
	1572	1536	1535
	1573	1537	1536
	1574	1538	1537
	1577	1539	1538
	1579	1540	1539
	1581	1541	1540
	1582	1542	1541
	1583	1543	1542
	1585	1544	1543
	1586	1545	1544
	1587	1546	1545
	1589	1547	1546
	1593	1548	1547
	1594	1549	1548
	1595	1550	1549
	1599	1551	1550
	1600	1552	1551
	1601	1553	1552
	1602	1554	1553
	1603	1555	1554
	1606	1556	1555
	1607	1557	1556
	1615	1558	1557
	1620	1559	1558
	1621	1560	1559
	1625	1561	1560
	1627	1562	1561
	1629	1563	1562
	1633	1564	1563
	1634	1565	1564
	1635	1566	1565
	1636	1567	1566
	1637	1568	1567
	1645	1569	1568
	1646	1570	1569
	1647	1571	1570
	1651	1572	1571
	1652	1573	1572
	1657	1574	1573
	1662	1575	1574
	1664	1576	1575
	1665	1577	1576
	1666	1578	1577
	1671	1579	1578
	1672	1580	1579
	1673	1581	1580
	1674	1582	1581
	1675	1583	1582
	1676	1584	1583
	1678	1585	1584
	1684	1586	1585
	1688	1587	1586
	1689	1588	1587
	1693	1589	1588
	1696	1590	1589
	1699	1591	1590
	1700	1592	1591
	1707	1593	1592
	1709	1594	1593
	1714	1595	1594
	1719	1596	1595
	1735	1597	1596
	1741	1598	1597
	1754	1599	1598
	1764	1600	1599
	1766	1601	1600
	1773	1602	1601
	1783	1603	1602
	1787	1604	1603
	1805	1605	1604
	1811	1606	1605
	1857	1607	1606
	1861	1608	1607
	1870	1609	1608
	1888	1610	1609
	1897	1611	1610
	1908	1612	1611
	1931	1613	1612
	1947	1614	1613
	2110	1615	1614
	2198	1616	1615
	2247	1617	1616
	2395	1618	1617
	2396	1619	1618
	2436	1620	1619
	2566	1621	1620
	2567	1622	1621
	2731	1623	1622
		1624	1623
		1625	1624
		1626	1625
		1627	1626
		1628	1627
		1629	1628
		1630	1629
		1631	1630
		1632	1631
		1633	1632
		1634	1633
		1635	1634
		1636	1635
		1637	1636
		1638	1637
		1639	1638
		1640	1639
		1641	1640
		1642	1641
		1643	1642
		1644	1643
		1645	1644
		1646	1645
		1647	1646
		1648	1647
		1649	1648
		1650	1649
		1651	1650
		1652	1651
		1653	1652
		1654	1653
		1655	1654
		1656	1655
		1657	1656
		1658	1657
		1659	1658
		1660	1659
		1661	1660
		1662	1661
		1663	1662
		1664	1663
		1665	1664
		1666	1665
		1667	1666
		1668	1667
		1669	1668
		1670	1669
		1671	1670
		1672	1671
		1673	1672
		1674	1673
		1675	1674
		1676	1675
		1677	1676
		1678	1677
		1679	1678
		1680	1679
		1681	1680
		1682	1681
		1683	1682
		1684	1683
		1685	1684
		1686	1685
		1687	1686
		1688	1687
		1689	1688
		1690	1689
		1691	1690
		1692	1691
		1693	1692
		1694	1693
		1695	1694
		1696	1695
		1697	1696
		1698	1697
		1699	1698
		1700	1699
		1701	1700
		1702	1701
		1703	1702
		1704	1703
		1705	1704
		1706	1705
		1707	1706
		1708	1707
		1709	1708
		1710	1709
		1711	1710
		1712	1711
		1713	1712
		1714	1713
		1715	1714
		1716	1715
		1717	1716
		1718	1717
		1719	1718
		1720	1719
		1721	1720
		1722	1721
		1723	1722
		1724	1723
		1725	1724
		1726	1725
		1727	1726
		1728	1727
		1729	1728
		1730	1729
		1731	1730
		1732	1731
		1733	1732
		1734	1733
		1735	1734
		1736	1735
		1737	1736
		1738	1737
		1739	1738
		1740	1739
		1741	1740
		1742	1741
		1743	1742
		1744	1743
		1745	1744
		1746	1745
		1747	1746
		1748	1747
		1749	1748
		1750	1749
		1751	1750
		1752	1751
		1753	1752
		1754	1753
		1755	1754
		1756	1755
		1757	1756
		1758	1757
		1759	1758
		1760	1759
		1761	1760
		1762	1761
		1763	1762
		1764	1763
		1765	1764
		1766	1765
		1767	1766
		1768	1767
		1769	1768
		1770	1769
		1771	1770
		1772	1771
		1773	1772
		1774	1773
		1775	1774
		1776	1775
		1777	1776
		1778	1777
		1779	1778
		1780	1779
		1781	1780
		1782	1781
		1783	1782
		1784	1783
		1785	1784
		1786	1785
		1787	1786
		1788	1787
		1789	1788
		1790	1789
		1791	1790
		1792	1791
		1793	1792
		1794	1793
		1795	1794
		1796	1795
		1797	1796
		1798	1797
		1799	1798
		1800	1799
		1801	1800
		1802	1801
		1803	1802
		1804	1803
		1805	1804
		1806	1805
		1807	1806
		1808	1807
		1809	1808
		1810	1809
		1811	1810
		1812	1811
		1813	1812
		1814	1813
		1815	1814
		1816	1815
		1817	1816
		1818	1817
		1819	1818
		1820	1819
		1821	1820
		1822	1821
		1823	1822
		1824	1823
		1825	1824
		1826	1825
		1827	1826
		1828	1827
		1829	1828
		1830	1829
		1831	1830
		1832	1831
		1833	1832
		1834	1833
		1835	1834
		1836	1835
		1837	1836
		1838	1837
		1839	1838
		1840	1839
		1841	1840
		1842	1841
		1843	1842
		1844	1843
		1845	1844
		1846	1845
		1847	1846
		1848	1847
		1849	1848
		1850	1849
		1851	1850
		1852	1851
		1853	1852
		1854	1853
		1855	1854
		1856	1855
		1857	1856
		1858	1857
		1859	1858
		1860	1859
		1861	1860
		1862	1861
		1863	1862
		1864	1863
		1865	1864
		1866	1865
		1867	1866
		1868	1867
		1869	1868
		1870	1869
		1871	1870
		1872	1871
		1873	1872
		1874	1873
		1875	1874
		1876	1875
		1877	1876
		1878	1877
		1879	1878
		1880	1879
		1881	1880
		1882	1881
		1883	1882
		1884	1883
		1885	1884
		1886	1885
		1887	1886
		1888	1887
		1889	1888
		1890	1889
		1891	1890
		1892	1891
		1893	1892
		1894	1893
		1895	1894
		1896	1895
		1897	1896
		1898	1897
		1899	1898
		1900	1899
		1901	1900
		1902	1901
		1903	1902
		1904	1903
		1905	1904
		1906	1905
		1907	1906
		1908	1907
		1909	1908
		1910	1909
		1911	1910
		1912	1911
		1913	1912
		1914	1913
		1915	1914
		1916	1915
		1917	1916
		1918	1917
		1919	1918
		1920	1919
		1921	1920
		1922	1921
		1923	1922
		1924	1923
		1925	1924
		1926	1925
		1927	1926
		1928	1927
		1929	1928
		1930	1929
		1931	1930
		1932	1931
		1933	1932
		1934	1933
		1935	1934
		1936	1935
		1937	1936
		1938	1937
		1939	1938
		1940	1939
		1941	1940
		1942	1941
		1943	1942
		1944	1943
		1945	1944
		1946	1945
		1947	1946
		1948	1947
		1949	1948
		1950	1949
		1951	1950
		1952	1951
		1953	1952
		1954	1953
		1955	1954
		1956	1955
		1957	1956
		1958	1957
		1959	1958
		1960	1959
		1961	1960
		1962	1961
		1963	1962
		1964	1963
		1965	1964
		1966	1965
		1967	1966
		1968	1967
		1969	1968
		1970	1969
		1971	1970
		1972	1971
		1973	1972
		1974	1973
		1975	1974
		1976	1975
		1977	1976
		1978	1977
		1979	1978
		1980	1979
		1981	1980
		1982	1981
		1983	1982
		1984	1983
		1985	1984
		1986	1985
		1987	1986
		1988	1987
		1989	1988
		1990	1989
		1991	1990
		1992	1991
		1993	1992
		1994	1993
		1995	1994
		1996	1995
		1997	1996
		1998	1997
		1999	1998
		2000	1999
		2001	2000
		2002	2001
		2003	2002
		2004	2003
		2005	2004
		2006	2005
		2007	2006
		2008	2007
		2009	2008
		2010	2009
		2011	2010
		2012	2011
		2013	2012
		2014	2013
		2015	2014
		2016	2015
		2017	2016
		2018	2017
		2019	2018
		2020	2019
		2021	2020
		2022	2021
		2023	2022
		2024	2023
		2025	2024
		2026	2025
		2027	2026
		2028	2027
		2029	2028
		2030	2029
		2031	2030
		2032	2031
		2033	2032
		2034	2033
		2035	2034
		2036	2035
		2037	2036
		2038	2037
		2039	2038
		2040	2039
		2041	2040
		2042	2041
		2043	2042
		2044	2043
		2045	2044
		2046	2045
		2047	2046
		2048	2047
		2049	2048
		2050	2049
		2051	2050
		2052	2051
		2053	2052
		2054	2053
		2055	2054
		2056	2055
		2057	2056
		2058	2057
		2059	2058
		2060	2059
		2061	2060
		2062	2061
		2063	2062
		2064	2063
		2065	2064
		2066	2065
		2067	2066
		2068	2067
		2069	2068
		2070	2069
		2071	2070
		2072	2071
		2073	2072
		2074	2073
		2075	2074
		2076	2075
		2077	2076
		2078	2077
		2079	2078
		2080	2079
		2081	2080
		2082	2081
		2083	2082
		2084	2083
		2085	2084
		2086	2085
		2087	2086
		2088	2087
		2089	2088
		2090	2089
		2091	2090
		2092	2091
		2093	2092
		2094	2093
		2095	2094
		2096	2095
		2097	2096
		2098	2097
		2099	2098
		2100	2099
		2101	2100
		2102	2101
		2103	2102
		2104	2103
		2105	2104
		2106	2105
		2107	2106
		2108	2107
		2109	2108
		2110	2109
		2111	2110
		2112	2111
		2113	2112
		2114	2113
		2115	2114
		2116	2115
		2117	2116
		2118	2117
		2119	2118
		2120	2119
		2121	2120
		2122	2121
		2123	2122
		2124	2123
		2125	2124
		2126	2125
		2127	2126
		2128	2127
		2129	2128
		2130	2129
		2131	2130
		2132	2131
		2133	2132
		2134	2133
		2135	2134
		2136	2135
		2137	2136
		2138	2137
		2139	2138
		2140	2139
		2141	2140
		2142	2141
		2143	2142
		2144	2143
		2145	2144
		2146	2145
		2147	2146
		2148	2147
		2149	2148
		2150	2149
		2151	2150
		2152	2151
		2153	2152
		2154	2153
		2155	2154
		2156	2155
		2157	2156
		2158	2157
		2159	2158
		2160	2159
		2161	2160
		2162	2161
		2163	2162
		2164	2163
		2165	2164
		2166	2165
		2167	2166
		2168	2167
		2169	2168
		2170	2169
		2171	2170
		2172	2171
		2173	2172
		2174	2173
		2175	2174
		2176	2175
		2177	2176
		2178	2177
		2179	2178
		2180	2179
		2181	2180
		2182	2181
		2183	2182
		2184	2183
		2185	2184
		2186	2185
		2187	2186
		2188	2187
		2189	2188
		2190	2189
		2191	2190
		2192	2191
		2193	2192
		2194	2193
		2195	2194
		2196	2195
		2197	2196
		2198	2197
		2199	2198
		2200	2199
		2201	2200
		2202	2201
		2203	2202
		2204	2203
		2205	2204
		2206	2205
		2207	2206
		2208	2207
		2209	2208
		2210	2209
		2211	2210
		2212	2211
		2213	2212
		2214	2213
		2215	2214
		2216	2215
		2217	2216
		2218	2217
		2219	2218
		2220	2219
		2221	2220
		2222	2221
		2223	2222
		2224	2223
		2225	2224
		2226	2225
		2227	2226
		2228	2227
		2229	2228
		2230	2229
		2231	2230
		2232	2231
		2233	2232
		2234	2233
		2235	2234
		2236	2235
		2237	2236
		2238	2237
		2239	2238
		2240	2239
		2241	2240
		2242	2241
		2243	2242
		2244	2243
		2245	2244
		2246	2245
		2248	2246
		2249	2247
		2250	2248
		2251	2249
		2252	2250
		2253	2251
		2254	2252
		2255	2253
		2256	2254
		2257	2255
		2258	2256
		2259	2257
		2260	2258
		2261	2259
		2262	2260
		2263	2261
		2264	2262
		2265	2263
		2266	2264
		2267	2265
		2268	2266
		2269	2267
		2270	2268
		2271	2269
		2272	2270
		2273	2271
		2274	2272
		2275	2273
		2276	2274
		2277	2275
		2278	2276
		2279	2277
		2280	2278
		2281	2279
		2282	2280
		2283	2281
		2284	2282
		2285	2283
		2286	2284
		2287	2285
		2288	2286
		2289	2287
		2290	2288
		2291	2289
		2292	2290
		2293	2291
		2294	2292
		2295	2293
		2296	2294
		2297	2295
		2298	2296
		2299	2297
		2300	2298
		2301	2299
		2302	2300
		2303	2301
		2304	2302
		2305	2303
		2306	2304
		2307	2305
		2308	2306
		2309	2307
		2310	2308
		2311	2309
		2312	2310
		2313	2311
		2314	2312
		2315	2313
		2316	2314
		2317	2315
		2318	2316
		2319	2317
		2320	2318
		2321	2319
		2322	2320
		2323	2321
		2324	2322
		2325	2323
		2326	2324
		2327	2325
		2328	2326
		2329	2327
		2330	2328
		2331	2329
		2332	2330
		2333	2331
		2334	2332
		2335	2333
		2336	2334
		2337	2335
		2338	2336
		2339	2337
		2340	2338
		2341	2339
		2342	2340
		2343	2341
		2344	2342
		2345	2343
		2346	2344
		2347	2345
		2348	2346
		2349	2347
		2350	2348
		2351	2349
		2352	2350
		2353	2351
		2354	2352
		2355	2353
		2356	2354
		2357	2355
		2358	2356
		2359	2357
		2360	2358
		2361	2359
		2362	2360
		2363	2361
		2365	2362
		2366	2363
		2367	2364
		2368	2365
		2370	2366
		2371	2367
		2372	2368
		2373	2369
		2374	2370
		2375	2371
		2376	2372
		2377	2373
		2378	2374
		2379	2375
		2380	2376
		2381	2377
		2382	2378
		2383	2379
		2384	2380
		2385	2381
		2386	2382
		2387	2383
		2388	2384
		2389	2385
		2390	2386
		2391	2387
		2392	2388
		2393	2389
		2394	2390
		2395	2391
		2396	2392
		2398	2393
		2399	2394
		2400	2395
		2401	2396
		2402	2397
		2403	2398
		2404	2399
		2405	2400
		2406	2401
		2407	2402
		2408	2403
		2409	2404
		2410	2405
		2411	2406
		2412	2407
		2413	2408
		2414	2409
		2415	2410
		2416	2411
		2417	2412
		2418	2413
		2420	2414
		2421	2415
		2422	2416
		2423	2417
		2424	2418
		2426	2419
		2427	2420
		2428	2421
		2429	2422
		2430	2423
		2431	2424
		2432	2425
		2433	2426
		2434	2427
		2435	2428
		2436	2429
		2437	2430
		2438	2431
		2439	2432
		2440	2433
		2441	2434
		2442	2435
		2443	2436
		2444	2437
		2445	2438
		2446	2439
		2447	2440
		2448	2441
		2449	2442
		2450	2443
		2451	2444
		2452	2445
		2453	2446
		2454	2447
		2455	2448
		2456	2449
		2457	2450
		2458	2451
		2459	2452
		2461	2453
		2462	2454
		2463	2455
		2465	2456
		2466	2457
		2467	2458
		2468	2459
		2469	2460
		2470	2461
		2471	2462
		2472	2463
		2473	2464
		2474	2465
		2475	2466
		2476	2467
		2477	2468
		2478	2469
		2479	2470
		2480	2471
		2481	2472
		2482	2473
		2483	2474
		2484	2475
		2485	2476
		2486	2477
		2487	2478
		2488	2479
		2489	2480
		2490	2481
		2491	2482
		2492	2483
		2493	2484
		2494	2485
		2495	2486
		2496	2487
		2497	2488
		2498	2489
		2499	2490
		2500	2491
		2501	2492
		2502	2493
		2504	2494
		2505	2495
		2506	2496
		2507	2497
		2508	2498
		2510	2499
		2511	2500
		2513	2501
		2514	2502
		2515	2503
		2516	2504
		2517	2505
		2518	2506
		2519	2507
		2520	2508
		2522	2509
		2523	2510
		2524	2511
		2526	2512
		2527	2513
		2528	2514
		2530	2515
		2532	2516
		2533	2517
		2534	2518
		2535	2519
		2536	2520
		2537	2521
		2538	2522
		2539	2523
		2540	2524
		2541	2525
		2542	2526
		2543	2527
		2546	2528
		2547	2529
		2548	2530
		2549	2531
		2551	2532
		2552	2533
		2553	2534
		2554	2535
		2556	2536
		2558	2537
		2559	2538
		2560	2539
		2561	2540
		2562	2541
		2563	2542
		2564	2543
		2569	2544
		2570	2545
		2571	2546
		2573	2547
		2574	2548
		2575	2549
		2576	2550
		2577	2551
		2579	2552
		2581	2553
		2583	2554
		2584	2555
		2586	2556
		2587	2557
		2588	2558
		2589	2559
		2590	2560
		2591	2561
		2593	2562
		2594	2563
		2597	2564
		2598	2565
		2600	2566
		2602	2567
		2605	2568
		2606	2569
		2612	2570
		2613	2571
		2616	2572
		2617	2573
		2618	2574
		2621	2575
		2622	2576
		2624	2577
		2625	2578
		2626	2579
		2627	2580
		2632	2581
		2635	2582
		2636	2583
		2637	2584
		2638	2585
		2639	2586
		2640	2587
		2641	2588
		2643	2589
		2644	2590
		2646	2591
		2650	2592
		2656	2593
		2661	2594
		2662	2595
		2663	2596
		2665	2597
		2666	2598
		2667	2599
		2668	2600
		2670	2601
		2671	2602
		2673	2603
		2679	2604
		2681	2605
		2683	2606
		2684	2607
		2685	2608
		2689	2609
		2694	2610
		2695	2611
		2697	2612
		2698	2613
		2701	2614
		2702	2615
		2703	2616
		2705	2617
		2707	2618
		2708	2619
		2711	2620
		2719	2621
		2722	2622
		2723	2623
		2724	2624
		2728	2625
		2733	2626
		2738	2627
		2741	2628
		2749	2629
		2751	2630
		2759	2631
		2760	2632
		2762	2633
		2765	2634
		2766	2635
		2786	2636
		2791	2637
		2793	2638
		2796	2639
		2803	2640
		2804	2641
		2809	2642
		2817	2643
		2836	2644
		2837	2645
		2839	2646
		2841	2647
		2848	2648
		2851	2649
		2853	2650
		2855	2651
		2870	2652
		2882	2653
		2888	2654
		2890	2655
		2897	2656
		2898	2657
		2904	2658
		2908	2659
		2915	2660
		2919	2661
		2933	2662
		2946	2663
		2948	2664
		2949	2665
		2952	2666
		2962	2667
		2974	2668
		2978	2669
		2989	2670
		2993	2671
		2997	2672
		3024	2673
		3030	2674
		3057	2675
		3100	2676
		3179	2677
		3216	2678
		3217	2679
		3226	2680
		3258	2681
		3322	2682
		3346	2683
		3395	2684
		3401	2685
		3417	2686
		3477	2687
		3511	2688
		3553	2689
		3577	2690
		4033	2691
		4042	2692
		4056	2693
		4185	2694
		4261	2695
		4436	2696
		4461	2697
		4900	2698
		4913	2699
		5014	2700
		5089	2701
		5096	2702
		6330	2703
		6395	2704
		7883	2705
		8535	2706
			2707
			2708
			2709
			2710
			2711
			2712
			2713
			2714
			2715
			2716
			2717
			2718
			2719
			2720
			2721
			2722
			2723
			2724
			2725
			2726
			2727
			2728
			2729
			2730
			2731
			2732
			2733
			2734
			2735
			2736
			2737
			2738
			2739
			2740
			2741
			2742
			2743
			2744
			2745
			2746
			2747
			2748
			2749
			2750
			2751
			2752
			2753
			2754
			2755
			2756
			2757
			2758
			2759
			2760
			2761
			2762
			2763
			2764
			2765
			2766
			2767
			2768
			2769
			2770
			2771
			2772
			2773
			2774
			2775
			2776
			2777
			2778
			2779
			2780
			2781
			2782
			2783
			2784
			2785
			2786
			2787
			2788
			2789
			2790
			2791
			2792
			2793
			2794
			2795
			2796
			2797
			2798
			2799
			2800
			2801
			2802
			2803
			2804
			2805
			2806
			2807
			2808
			2809
			2810
			2811
			2812
			2813
			2814
			2815
			2816
			2817
			2818
			2819
			2820
			2821
			2822
			2823
			2824
			2825
			2826
			2827
			2828
			2829
			2830
			2831
			2832
			2833
			2834
			2835
			2836
			2837
			2838
			2839
			2840
			2841
			2842
			2843
			2844
			2845
			2846
			2847
			2848
			2849
			2850
			2851
			2852
			2853
			2854
			2855
			2856
			2857
			2858
			2859
			2860
			2861
			2862
			2863
			2864
			2865
			2866
			2867
			2868
			2869
			2870
			2871
			2872
			2873
			2874
			2875
			2876
			2877
			2878
			2879
			2880
			2881
			2882
			2883
			2884
			2885
			2886
			2887
			2888
			2889
			2890
			2891
			2892
			2893
			2894
			2895
			2896
			2897
			2898
			2899
			2900
			2901
			2902
			2903
			2904
			2905
			2906
			2907
			2908
			2909
			2910
			2911
			2912
			2913
			2914
			2915
			2916
			2917
			2918
			2919
			2920
			2921
			2922
			2923
			2924
			2925
			2926
			2927
			2928
			2929
			2930
			2931
			2932
			2933
			2934
			2935
			2936
			2937
			2938
			2939
			2940
			2941
			2942
			2943
			2944
			2945
			2946
			2947
			2948
			2949
			2950
			2951
			2952
			2953
			2954
			2955
			2956
			2957
			2958
			2959
			2960
			2961
			2962
			2963
			2964
			2965
			2966
			2967
			2968
			2969
			2970
			2971
			2972
			2973
			2974
			2975
			2976
			2977
			2978
			2979
			2980
			2981
			2982
			2983
			2984
			2985
			2986
			2987
			2988
			2989
			2990
			2991
			2992
			2993
			2994
			2995
			2996
			2997
			2998
			2999
			3000
			3001
			3002
			3003
			3004
			3005
			3006
			3007
			3008
			3009
			3010
			3011
			3012
			3013
			3014
			3015
			3016
			3017
			3018
			3019
			3020
			3021
			3022
			3023
			3024
			3025
			3026
			3027
			3028
			3029
			3030
			3031
			3032
			3033
			3034
			3035
			3036
			3037
			3038
			3039
			3040
			3041
			3042
			3043
			3044
			3045
			3046
			3047
			3048
			3049
			3050
			3051
			3052
			3053
			3054
			3055
			3056
			3057
			3058
			3059
			3060
			3061
			3062
			3063
			3064
			3065
			3066
			3067
			3068
			3069
			3070
			3071
			3072
			3073
			3074
			3075
			3076
			3077
			3078
			3079
			3080
			3081
			3082
			3083
			3084
			3085
			3086
			3087
			3088
			3089
			3090
			3091
			3092
			3093
			3094
			3095
			3096
			3097
			3098
			3099
			3100
			3101
			3102
			3103
			3104
			3105
			3106
			3107
			3108
			3109
			3110
			3111
			3112
			3113
			3114
			3115
			3116
			3117
			3118
			3119
			3120
			3121
			3122
			3123
			3124
			3125
			3126
			3127
			3128
			3129
			3130
			3131
			3132
			3133
			3134
			3135
			3136
			3137
			3138
			3139
			3140
			3141
			3142
			3143
			3144
			3145
			3146
			3147
			3148
			3149
			3150
			3151
			3152
			3153
			3154
			3155
			3156
			3157
			3158
			3159
			3160
			3161
			3162
			3163
			3164
			3165
			3166
			3167
			3168
			3169
			3170
			3171
			3172
			3173
			3174
			3175
			3176
			3177
			3178
			3179
			3180
			3181
			3182
			3183
			3184
			3185
			3186
			3187
			3188
			3189
			3190
			3191
			3192
			3193
			3194
			3195
			3196
			3197
			3198
			3199
			3200
			3201
			3202
			3203
			3204
			3205
			3206
			3207
			3208
			3209
			3210
			3211
			3212
			3213
			3214
			3215
			3216
			3217
			3218
			3219
			3220
			3221
			3222
			3223
			3224
			3225
			3226
			3227
			3228
			3229
			3230
			3231
			3232
			3233
			3234
			3235
			3236
			3237
			3238
			3239
			3240
			3241
			3242
			3243
			3244
			3245
			3246
			3247
			3248
			3249
			3250
			3251
			3252
			3253
			3254
			3255
			3256
			3257
			3258
			3259
			3260
			3261
			3262
			3263
			3264
			3265
			3266
			3267
			3268
			3269
			3270
			3271
			3272
			3273
			3274
			3275
			3276
			3277
			3278
			3279
			3280
			3281
			3282
			3283
			3284
			3285
			3286
			3287
			3288
			3289
			3290
			3291
			3292
			3293
			3294
			3295
			3296
			3297
			3298
			3299
			3300
			3301
			3302
			3303
			3304
			3305
			3306
			3307
			3308
			3309
			3310
			3311
			3312
			3313
			3314
			3315
			3316
			3317
			3318
			3319
			3320
			3321
			3322
			3323
			3324
			3325
			3326
			3327
			3328
			3329
			3330
			3331
			3332
			3333
			3334
			3335
			3336
			3337
			3338
			3339
			3340
			3341
			3342
			3343
			3344
			3345
			3346
			3347
			3348
			3349
			3350
			3351
			3352
			3353
			3354
			3355
			3356
			3357
			3358
			3359
			3360
			3361
			3362
			3363
			3364
			3365
			3366
			3367
			3368
			3369
			3370
			3371
			3372
			3373
			3374
			3375
			3376
			3377
			3378
			3379
			3380
			3381
			3382
			3383
			3384
			3385
			3386
			3387
			3388
			3389
			3390
			3391
			3392
			3393
			3394
			3395
			3396
			3397
			3398
			3399
			3400
			3401
			3402
			3403
			3404
			3405
			3406
			3407
			3408
			3409
			3410
			3411
			3412
			3413
			3414
			3415
			3416
			3417
			3418
			3419
			3420
			3421
			3422
			3423
			3424
			3425
			3426
			3427
			3428
			3429
			3430
			3431
			3432
			3433
			3434
			3435
			3436
			3437
			3438
			3439
			3440
			3441
			3442
			3443
			3444
			3445
			3446
			3447
			3448
			3449
			3450
			3451
			3452
			3453
			3454
			3455
			3456
			3457
			3458
			3459
			3460
			3461
			3462
			3463
			3464
			3465
			3466
			3467
			3468
			3469
			3470
			3471
			3472
			3473
			3474
			3475
			3476
			3477
			3478
			3479
			3480
			3481
			3482
			3483
			3484
			3485
			3486
			3487
			3488
			3489
			3490
			3491
			3492
			3493
			3494
			3495
			3496
			3497
			3498
			3499
			3500
			3501
			3502
			3503
			3504
			3505
			3506
			3507
			3508
			3509
			3510
			3511
			3512
			3513
			3514
			3515
			3516
			3517
			3518
			3519
			3520
			3521
			3522
			3523
			3524
			3525
			3526
			3527
			3528
			3529
			3530
			3531
			3532
			3533
			3534
			3535
			3536
			3537
			3538
			3539
			3540
			3541
			3542
			3543
			3544
			3545
			3546
			3547
			3548
			3549
			3550
			3551
			3552
			3553
			3554
			3555
			3556
			3557
			3558
			3559
			3560
			3561
			3562
			3563
			3564
			3565
			3566
			3567
			3568
			3569
			3570
			3571
			3572
			3573
			3574
			3575
			3576
			3577
			3578
			3579
			3580
			3581
			3582
			3583
			3584
			3585
			3586
			3587
			3588
			3589
			3590
			3591
			3592
			3593
			3594
			3595
			3596
			3597
			3598
			3599
			3600
			3601
			3602
			3603
			3604
			3605
			3606
			3607
			3608
			3609
			3610
			3611
			3612
			3613
			3614
			3615
			3616
			3617
			3618
			3619
			3620
			3621
			3622
			3623
			3624
			3625
			3626
			3627
			3628
			3629
			3630
			3631
			3632
			3633
			3634
			3635
			3636
			3637
			3638
			3639
			3640
			3641
			3642
			3643
			3644
			3645
			3646
			3647
			3648
			3649
			3650
			3651
			3652
			3653
			3654
			3655
			3656
			3657
			3658
			3659
			3660
			3661
			3662
			3663
			3664
			3665
			3666
			3667
			3668
			3669
			3670
			3671
			3672
			3673
			3674
			3675
			3676
			3677
			3678
			3679
			3680
			3681
			3682
			3683
			3684
			3685
			3686
			3687
			3688
			3689
			3690
			3691
			3692
			3693
			3694
			3695
			3696
			3697
			3698
			3699
			3700
			3701
			3702
			3703
			3704
			3705
			3706
			3707
			3708
			3709
			3710
			3711
			3712
			3713
			3714
			3715
			3716
			3717
			3718
			3719
			3720
			3721
			3722
			3723
			3724
			3725
			3726
			3727
			3728
			3729
			3730
			3731
			3732
			3733
			3734
			3735
			3736
			3737
			3738
			3739
			3740
			3741
			3742
			3743
			3744
			3745
			3746
			3747
			3748
			3749
			3750
			3751
			3752
			3753
			3754
			3755
			3756
			3757
			3758
			3759
			3760
			3761
			3762
			3763
			3764
			3765
			3766
			3767
			3768
			3769
			3770
			3771
			3772
			3773
			3774
			3775
			3776
			3777
			3778
			3779
			3780
			3781
			3782
			3783
			3784
			3785
			3786
			3787
			3788
			3789
			3790
			3791
			3792
			3793
			3794
			3795
			3796
			3797
			3798
			3799
			3800
			3801
			3802
			3803
			3804
			3805
			3806
			3807
			3808
			3809
			3810
			3811
			3812
			3813
			3814
			3815
			3816
			3817
			3818
			3819
			3820
			3821
			3822
			3823
			3824
			3825
			3826
			3827
			3828
			3829
			3830
			3831
			3832
			3833
			3834
			3835
			3836
			3837
			3838
			3839
			3840
			3841
			3842
			3843
			3844
			3845
			3846
			3847
			3848
			3849
			3850
			3851
			3852
			3853
			3854
			3855
			3856
			3857
			3858
			3859
			3860
			3861
			3862
			3863
			3864
			3865
			3866
			3867
			3868
			3869
			3870
			3871
			3872
			3873
			3874
			3875
			3876
			3877
			3878
			3879
			3880
			3881
			3882
			3883
			3884
			3885
			3886
			3887
			3888
			3889
			3890
			3891
			3892
			3893
			3894
			3895
			3896
			3897
			3898
			3899
			3900
			3901
			3902
			3903
			3904
			3905
			3906
			3907
			3908
			3909
			3910
			3911
			3912
			3913
			3914
			3915
			3916
			3917
			3918
			3919
			3920
			3921
			3922
			3923
			3924
			3925
			3926
			3927
			3928
			3929
			3930
			3931
			3932
			3933
			3934
			3935
			3936
			3937
			3938
			3939
			3940
			3941
			3942
			3943
			3944
			3945
			3946
			3947
			3948
			3949
			3950
			3951
			3952
			3953
			3954
			3955
			3956
			3957
			3958
			3959
			3960
			3961
			3962
			3963
			3964
			3965
			3966
			3967
			3968
			3969
			3970
			3971
			3972
			3973
			3974
			3975
			3976
			3977
			3978
			3979
			3980
			3981
			3982
			3983
			3984
			3985
			3986
			3987
			3988
			3989
			3990
			3991
			3992
			3993
			3994
			3995
			3996
			3997
			3998
			3999
			4000
			4001
			4002
			4003
			4004
			4005
			4006
			4007
			4008
			4009
			4010
			4011
			4012
			4013
			4014
			4015
			4016
			4017
			4018
			4019
			4020
			4021
			4022
			4023
			4024
			4025
			4026
			4027
			4028
			4029
			4030
			4031
			4032
			4033
			4034
			4035
			4036
			4037
			4038
			4039
			4040
			4041
			4042
			4043
			4044
			4045
			4046
			4047
			4048
			4049
			4050
			4051
			4052
			4053
			4054
			4055
			4056
			4057
			4058
			4059
			4060
			4061
			4062
			4063
			4064
			4065
			4066
			4067
			4068
			4069
			4070
			4071
			4072
			4073
			4074
			4075
			4076
			4077
			4078
			4079
			4080
			4081
			4082
			4083
			4084
			4085
			4086
			4087
			4088
			4089
			4090
			4091
			4092
			4093
			4094
			4095
			4096
			4097
			4098
			4099
			4100
			4101
			4102
			4103
			4104
			4105
			4106
			4107
			4108
			4109
			4110
			4111
			4112
			4113
			4114
			4115
			4116
			4117
			4118
			4119
			4120
			4121
			4122
			4123
			4124
			4125
			4126
			4127
			4128
			4129
			4130
			4131
			4132
			4133
			4134
			4135
			4136
			4137
			4138
			4139
			4140
			4141
			4142
			4143
			4144
			4145
			4146
			4147
			4148
			4149
			4150
			4151
			4152
			4153
			4154
			4155
			4156
			4157
			4158
			4159
			4160
			4161
			4162
			4163
			4164
			4165
			4166
			4167
			4168
			4169
			4170
			4171
			4172
			4173
			4174
			4175
			4176
			4177
			4178
			4179
			4180
			4181
			4182
			4183
			4184
			4185
			4186
			4187
			4188
			4189
			4190
			4191
			4192
			4193
			4194
			4195
			4196
			4197
			4198
			4199
			4200
			4201
			4202
			4203
			4204
			4205
			4206
			4207
			4208
			4209
			4210
			4211
			4212
			4213
			4214
			4215
			4216
			4217
			4218
			4219
			4220
			4221
			4222
			4223
			4224
			4225
			4226
			4227
			4228
			4229
			4230
			4231
			4232
			4233
			4234
			4235
			4236
			4237
			4238
			4239
			4240
			4241
			4242
			4243
			4244
			4245
			4246
			4247
			4248
			4249
			4250
			4251
			4252
			4253
			4255
			4256
			4257
			4258
			4259
			4260
			4261
			4262
			4263
			4264
			4265
			4266
			4267
			4268
			4269
			4270
			4271
			4272
			4273
			4274
			4275
			4276
			4277
			4278
			4279
			4280
			4281
			4282
			4283
			4285
			4286
			4287
			4288
			4290
			4291
			4292
			4294
			4295
			4296
			4297
			4298
			4299
			4300
			4301
			4302
			4303
			4304
			4305
			4306
			4307
			4308
			4309
			4310
			4311
			4312
			4313
			4314
			4316
			4317
			4318
			4319
			4320
			4321
			4322
			4323
			4324
			4325
			4326
			4327
			4328
			4329
			4330
			4331
			4332
			4333
			4334
			4335
			4336
			4337
			4338
			4339
			4340
			4341
			4342
			4343
			4344
			4345
			4346
			4347
			4348
			4349
			4350
			4351
			4352
			4353
			4354
			4356
			4357
			4358
			4359
			4360
			4361
			4362
			4363
			4364
			4366
			4367
			4368
			4369
			4371
			4372
			4373
			4374
			4375
			4376
			4377
			4378
			4379
			4380
			4381
			4382
			4383
			4384
			4385
			4386
			4387
			4388
			4389
			4390
			4391
			4393
			4395
			4396
			4397
			4398
			4399
			4400
			4401
			4402
			4403
			4404
			4405
			4407
			4410
			4411
			4413
			4414
			4416
			4417
			4418
			4419
			4420
			4422
			4423
			4424
			4425
			4426
			4427
			4428
			4429
			4430
			4431
			4432
			4434
			4435
			4436
			4437
			4438
			4440
			4441
			4443
			4444
			4448
			4449
			4450
			4451
			4452
			4453
			4454
			4456
			4457
			4458
			4459
			4460
			4461
			4462
			4463
			4464
			4467
			4468
			4469
			4470
			4471
			4472
			4474
			4476
			4477
			4478
			4479
			4481
			4482
			4483
			4484
			4485
			4486
			4487
			4488
			4490
			4492
			4493
			4494
			4496
			4497
			4498
			4499
			4500
			4501
			4502
			4503
			4504
			4505
			4506
			4507
			4508
			4509
			4510
			4512
			4513
			4515
			4516
			4519
			4520
			4522
			4524
			4528
			4530
			4531
			4532
			4533
			4534
			4536
			4537
			4538
			4540
			4542
			4543
			4544
			4545
			4546
			4549
			4550
			4551
			4552
			4553
			4555
			4557
			4558
			4559
			4563
			4564
			4565
			4566
			4571
			4572
			4574
			4575
			4579
			4581
			4582
			4583
			4584
			4588
			4591
			4596
			4597
			4598
			4599
			4601
			4602
			4603
			4608
			4611
			4612
			4613
			4616
			4619
			4620
			4623
			4626
			4627
			4629
			4630
			4632
			4635
			4636
			4637
			4641
			4645
			4647
			4648
			4650
			4651
			4652
			4653
			4654
			4656
			4660
			4661
			4663
			4665
			4669
			4670
			4671
			4675
			4679
			4685
			4686
			4687
			4689
			4693
			4694
			4697
			4701
			4703
			4706
			4707
			4708
			4709
			4712
			4716
			4720
			4723
			4724
			4728
			4730
			4732
			4736
			4738
			4739
			4744
			4746
			4747
			4748
			4749
			4751
			4752
			4754
			4755
			4756
			4758
			4767
			4770
			4771
			4773
			4776
			4782
			4783
			4794
			4796
			4797
			4800
			4801
			4803
			4809
			4810
			4812
			4813
			4815
			4816
			4821
			4825
			4827
			4828
			4832
			4837
			4839
			4843
			4845
			4849
			4852
			4854
			4855
			4859
			4863
			4864
			4867
			4871
			4873
			4881
			4883
			4892
			4895
			4900
			4903
			4911
			4913
			4925
			4926
			4933
			4939
			4952
			4956
			4962
			4970
			4972
			4980
			4981
			4984
			4987
			5003
			5005
			5009
			5012
			5014
			5037
			5050
			5062
			5068
			5081
			5083
			5091
			5101
			5102
			5138
			5149
			5150
			5151
			5175
			5183
			5192
			5216
			5219
			5227
			5245
			5256
			5260
			5270
			5293
			5303
			5314
			5316
			5323
			5352
			5366
			5381
			5404
			5446
			5448
			5459
			5486
			5493
			5526
			5554
			5584
			5611
			5659
			5699
			5702
			5791
			5820
			5848
			5888
			6039
			6090
			6148
			6164
			6167
			6174
			6214
			6257
			6344
			6382
			6407
			6428
			6430
			6500
			6511
			6515
			6528
			6540
			6541
			6559
			6572
			6584
			6621
			6682
			6828
			6829
			6862
			6940
			6946
			6965
			7095
			7123
			7184
			7275
			7378
			7422
			7427
			7438
			7451
			7536
			7542
			7553
			7663
			7734
			7780
			7801
			7915
			7944
			8206
			8397
			8619
			8772
			8993
			9366
			9406
			9586
			9870
			10008
			10143
			10189
			10215
			10558
			10672
			10768
			10994
			11130
			18040
			18410
			18646
